"yeroveraligonzalez@alumno.ieselrincon";"dew";"ergerger";"hrht"
"yeroveraligonzalez@alumno.ieselrincon";"dew";"ergerger";"hrht"
"yeroveraligonzalez@alumno.ieselrincon";"dew";"ergerger";"hrht"
"yeroveraligonzalez@alumno.ieselrincon";"dew";"ergerger";"hrht"
"yeroveraligonzalez@alumno.ieselrincon";"dew";"ergerger";"hrht"
"qwfewf@2";"dew";"efe";"werfwefrwe"
"fefefe";"dew";"fefe";"eff"
"fefefe";"dew";"fefe";"eff"
"fefefe";"dew";"fefe";"eff"
"fefefe";"dew";"fefe";"eff"
"fefefe";"dew";"fefe";"eff"
"fefefe";"dew";"fefe";"eff"
"fbdfbhdr";"dew";"fsef";"efgsfe"
"fefefe@erger.com";"dew";"efsef";"efse"
"yeroveraligonzalez@alumno.ieselrincon";"DEW";"a";"a"
